{"cameraMode":{"drawMode":0,"name":"Shaded","section":"Shading Mode"},"sceneLighting":true,"audioPlay":false,"sceneViewState":{"m_AlwaysRefresh":false,"showFog":true,"showSkybox":true,"showFlares":true,"showImageEffects":true,"showParticleSystems":true,"showVisualEffectGraphs":true,"m_FxEnabled":true},"in2DMode":false,"pivot":{"x":21.809999465942384,"y":-3.119999885559082,"z":4.369999885559082},"rotation":{"x":0.019498495385050775,"y":0.005998514126986265,"z":-0.00011768354306695983,"w":0.9997933506965637},"size":9.180871963500977,"orthographic":true}