{"cameraMode":{"drawMode":0,"name":"Shaded","section":"Shading Mode"},"sceneLighting":true,"audioPlay":false,"sceneViewState":{"m_AlwaysRefresh":false,"showFog":true,"showSkybox":true,"showFlares":true,"showImageEffects":true,"showParticleSystems":true,"showVisualEffectGraphs":true,"m_FxEnabled":true},"in2DMode":false,"pivot":{"x":499.0665588378906,"y":325.6976013183594,"z":136.7352752685547},"rotation":{"x":0.035991378128528598,"y":-0.004497639834880829,"z":0.00015155640721786767,"w":0.9993506073951721},"size":422.4656677246094,"orthographic":true}